{"cameraMode":{"drawMode":0,"name":"Shaded","section":"Shading Mode"},"sceneLighting":false,"audioPlay":false,"sceneViewState":{"m_AlwaysRefresh":true,"showFog":true,"showSkybox":false,"showFlares":true,"showImageEffects":true,"showParticleSystems":true,"showVisualEffectGraphs":true,"m_FxEnabled":true},"in2DMode":false,"pivot":{"x":4.7162017822265629,"y":0.4199446737766266,"z":3.1318135261535646},"rotation":{"x":-0.057135310024023059,"y":-0.6940726637840271,"z":0.05558168143033981,"w":-0.7152359485626221},"size":0.758863091468811,"orthographic":false}