{"cameraMode":{"drawMode":0,"name":"Shaded","section":"Shading Mode"},"sceneLighting":false,"audioPlay":false,"sceneViewState":{"m_AlwaysRefresh":true,"showFog":true,"showSkybox":false,"showFlares":true,"showImageEffects":true,"showParticleSystems":true,"showVisualEffectGraphs":true,"m_FxEnabled":true},"in2DMode":false,"pivot":{"x":2.980232238769531e-7,"y":0.9233176708221436,"z":-0.03908868134021759},"rotation":{"x":-0.04444529488682747,"y":-0.9520397782325745,"z":0.25003573298454287,"w":-0.16974034905433656},"size":0.7442145347595215,"orthographic":false}