{"cameraMode":{"drawMode":0,"name":"Shaded","section":"Shading Mode"},"sceneLighting":true,"audioPlay":false,"sceneViewState":{"m_AlwaysRefresh":true,"showFog":true,"showSkybox":true,"showFlares":true,"showImageEffects":true,"showParticleSystems":true,"showVisualEffectGraphs":true,"m_FxEnabled":true},"in2DMode":false,"pivot":{"x":-31.405311584472658,"y":0.3562609851360321,"z":4.2382731437683109},"rotation":{"x":-0.056082937866449359,"y":-0.761850893497467,"z":0.06675001233816147,"w":-0.6415873169898987},"size":1.1277422904968262,"orthographic":false}