{"cameraMode":{"drawMode":0,"name":"Shaded","section":"Shading Mode"},"sceneLighting":false,"audioPlay":false,"sceneViewState":{"m_AlwaysRefresh":true,"showFog":true,"showSkybox":false,"showFlares":true,"showImageEffects":true,"showParticleSystems":true,"showVisualEffectGraphs":true,"m_FxEnabled":true},"in2DMode":false,"pivot":{"x":2.9802322387695315e-8,"y":0.1890314370393753,"z":0.02859218418598175},"rotation":{"x":-0.021711697801947595,"y":-0.9666864275932312,"z":0.08752128481864929,"w":-0.239015594124794},"size":0.4259522259235382,"orthographic":false}