{"cameraMode":{"drawMode":0,"name":"Shaded","section":"Shading Mode"},"sceneLighting":false,"audioPlay":false,"sceneViewState":{"m_AlwaysRefresh":true,"showFog":true,"showSkybox":false,"showFlares":true,"showImageEffects":true,"showParticleSystems":true,"showVisualEffectGraphs":true,"m_FxEnabled":true},"in2DMode":false,"pivot":{"x":-5.960464477539063e-8,"y":1.328160047531128,"z":-0.04498017951846123},"rotation":{"x":0.020860636606812478,"y":-0.978862464427948,"z":0.13625888526439668,"w":0.15004409849643708},"size":0.940934956073761,"orthographic":false}