{
    "name": "CamoColors",
    "whiteColor": {
        "r": 0.0,
        "g": 0.6666666666666666,
        "b": 0.0,
        "a": 1.0
    },
    "greyColor": {
        "r": 0.6666666666666666,
        "g": 0.0,
        "b": 0.0,
        "a": 1.0
    },
    "blackColor": {
        "r": 0.3333333333333333,
        "g": 0.0,
        "b": 0.4980392156862745,
        "a": 1.0
    }
}