{"cameraMode":{"drawMode":0,"name":"Shaded","section":"Shading Mode"},"sceneLighting":false,"audioPlay":false,"sceneViewState":{"m_AlwaysRefresh":true,"showFog":true,"showSkybox":false,"showFlares":true,"showImageEffects":true,"showParticleSystems":true,"showVisualEffectGraphs":true,"m_FxEnabled":true},"in2DMode":false,"pivot":{"x":7.748603820800781e-7,"y":0.9387354254722595,"z":-0.05012379586696625},"rotation":{"x":-0.06075616180896759,"y":-0.9328130483627319,"z":0.18892082571983338,"w":-0.3002605438232422},"size":1.4301260709762574,"orthographic":false}