{"cameraMode":{"drawMode":0,"name":"Shaded","section":"Shading Mode"},"sceneLighting":false,"audioPlay":false,"sceneViewState":{"m_AlwaysRefresh":true,"showFog":true,"showSkybox":false,"showFlares":true,"showImageEffects":true,"showParticleSystems":true,"showVisualEffectGraphs":true,"m_FxEnabled":true},"in2DMode":false,"pivot":{"x":-33.782569885253909,"y":0.008596614003181458,"z":1.9872467517852784},"rotation":{"x":-0.03923094645142555,"y":-0.05931677296757698,"z":0.0022220155224204065,"w":-0.9973524808883667},"size":0.6218301057815552,"orthographic":false}